Department,DarCollectionCode
Anthropology,Anthropology
Botany,Botany
Geology,Fossil Fishes
Geology,Fossil Herps
Geology,Fossil Invertebrates
Geology,Fossil Mammals
Geology,Fossil Synapsids
Geology,Fossil Vertebrates
Geology,Gems
Geology,Meteorites
Geology,Paleobotany
Geology,Physical Geology
Zoology,Amphibians and Reptiles
Zoology,Birds
Zoology,Birds - Eggs
Zoology,Fishes
Zoology,Insects
Zoology,Invertebrate Zoology
Zoology,Mammals
Geology,Paleontology invertebrates
Geology,Paleontology Invertebrates
Zoology,Amphibia and Reptilia
Zoology,Aves
Zoology,Cnidaria
Zoology,Hemiptera
Zoology,Mammalia
Zoology,Odonata
